Observación,Sexo,Edad,Educación,Ingresos,Cuenta Nomina,Tipo de Ingreso,Tarjeta de Credito,Frecuencia de Uso,Dicsiplina Financiera,Actitud,Ahorro,Porcentaje de ahorro,Ahorro en pesos
1809,1,79,0,18000,1,2,2,8,0,0,1,12,2160
615,1,55,4,11724,1,2,1,4,0,0,1,24,2813
417,1,52,3,60000,1,1,2,1,0,0,1,30,18000
982,1,65,3,60000,1,2,1,6,0,0,1,31,18600
1482,1,46,1,7200,1,2,1,6,1,0,1,11,792
488,1,47,1,8800,1,1,1,4,1,0,2,28,2464
1035,1,22,2,48000,1,2,1,6,1,0,1,6,2880
459,1,53,3,20000,2,1,1,1,1,0,1,37,7400
342,1,34,4,8000,2,2,2,1,1,0,2,16,1280
2007,2,25,1,8000,1,1,1,1,0,3,2,26,2080
667,2,40,0,48000,1,1,2,3,3,3,1,34,16320
1479,1,64,1,8000,1,1,1,4,3,3,1,6,480
1589,2,40,3,15200,1,1,1,4,3,3,1,20,3040
685,1,81,3,30000,1,1,2,2,3,3,2,28,8400
124,1,45,0,40000,1,2,1,2,2,3,2,23,9200
20,2,25,0,10000,1,2,2,7,2,3,2,36,3600
18,2,25,0,6400,1,2,1,2,2,3,2,15,960
167,1,34,0,8000,1,1,1,1,2,3,1,19,1520
30,2,53,0,10000,1,2,1,1,2,3,2,12,1200
877,1,80,0,9000,1,2,1,4,2,3,1,10,900
1989,1,22,1,4800,2,2,2,4,2,3,1,19,912
349,2,25,1,12400,1,1,2,6,2,3,1,8,992
1218,1,26,1,6000,2,2,2,6,2,3,1,5,300
408,1,29,1,8000,1,2,2,4,2,3,1,8,640
694,1,33,1,30000,1,1,1,1,2,3,1,16,4800
1245,1,34,1,6000,2,2,1,4,2,3,1,8,480
704,1,34,1,40000,1,2,1,4,2,3,2,36,14400
616,1,36,1,6000,1,1,1,4,2,3,1,11,660
1834,1,39,1,20000,1,2,2,6,2,3,2,13,2600
1626,2,39,1,36000,1,2,2,4,2,3,2,8,2880
1849,1,42,1,40000,1,2,1,6,2,3,2,17,6800
1507,1,48,1,6000,1,1,1,4,2,3,2,7,420
2035,2,49,1,16000,2,2,1,4,2,3,1,7,1120
1353,1,50,1,40000,1,1,1,2,2,3,1,11,4400
182,1,51,1,7000,1,2,2,2,2,3,2,38,2660
627,1,53,1,10000,2,2,1,2,2,3,1,35,3500
1847,2,55,1,32000,2,1,1,1,2,3,1,25,8000
1856,1,56,1,32000,1,2,1,2,2,3,2,19,6080
1374,1,58,1,4500,1,2,1,4,2,3,1,28,1260
1274,1,59,1,6000,1,2,1,1,2,3,2,39,2340
141,2,59,1,60000,1,2,1,4,2,3,1,35,21000
31,1,60,1,16000,1,2,1,1,2,3,2,11,1760
983,1,61,1,16000,2,1,2,2,2,3,2,19,3040
786,1,63,1,18000,1,2,1,8,2,3,1,18,3240
1888,2,66,1,8000,1,1,1,6,2,3,2,20,1600
327,1,67,1,36000,1,1,1,1,2,3,2,26,9360
1549,2,69,1,26000,1,1,1,4,2,3,2,6,1560
1450,2,77,1,60000,2,2,1,8,2,3,2,27,16200
403,2,82,1,20000,1,2,2,8,2,3,2,16,3200
142,2,25,2,8600,1,1,1,2,2,3,2,9,774
1552,1,38,2,15000,1,1,1,4,2,3,1,10,1500
1861,1,40,2,7200,1,1,1,1,2,3,1,37,2664
321,1,41,2,28000,2,1,1,3,2,3,1,18,5040
318,2,44,2,7200,1,2,1,6,2,3,1,28,2016
138,1,46,2,12000,2,2,1,7,2,3,2,15,1800
1544,1,50,2,12600,1,1,2,4,2,3,2,18,2268
539,1,55,2,13600,2,2,1,1,2,3,1,10,1360
1990,1,74,2,8000,1,2,1,6,2,3,1,8,640
1147,2,21,3,8000,1,2,1,1,2,3,1,10,800
1574,1,29,3,24000,2,2,2,1,2,3,1,18,4320
1742,1,32,3,6000,2,2,2,6,2,3,1,20,1200
785,1,32,3,7200,1,2,1,6,2,3,1,19,1368
1120,1,32,3,14000,1,1,1,1,2,3,1,5,700
217,1,33,3,4800,1,2,1,3,2,3,2,28,1344
914,1,38,3,7600,1,2,1,6,2,3,1,32,2432
1658,1,62,3,7200,1,1,1,1,2,3,2,32,2304
480,1,68,3,20000,2,1,1,1,2,3,1,11,2200
915,1,70,3,12000,2,1,1,2,2,3,2,23,2760
1744,1,77,3,60000,1,2,1,4,2,3,1,24,14400
1828,2,39,4,12000,1,2,1,4,2,3,1,9,1080
87,2,25,0,8400,2,2,1,4,1,3,2,7,588
50,1,74,0,60000,1,2,2,6,1,3,2,29,17400
7,1,22,0,6000,1,1,1,8,1,3,2,29,1740
6,2,33,0,32000,1,1,2,6,1,3,2,40,12800
47,2,38,0,9000,1,1,1,1,1,3,2,13,1170
1140,1,51,0,6000,1,1,1,1,1,3,1,38,2280
17,2,53,0,30000,1,1,1,1,1,3,2,26,7800
2037,2,69,0,15200,1,2,2,1,1,3,1,35,5320
191,2,70,0,28000,2,2,2,8,1,3,1,40,11200
286,2,77,0,14000,1,1,1,1,1,3,2,26,3640
419,2,79,0,14000,1,2,1,1,1,3,1,22,3080
1725,2,83,0,40000,1,2,2,1,1,3,1,12,4800
52,2,85,0,8000,2,1,1,6,1,3,2,8,640
1467,2,21,1,4800,2,2,1,4,1,3,1,12,576
660,1,21,1,5600,2,2,2,8,1,3,1,11,616
516,1,22,1,28000,1,2,1,2,1,3,2,38,10640
589,1,23,1,6800,1,2,1,1,1,3,1,20,1360
1408,2,23,1,10000,1,1,1,1,1,3,2,26,2600
1361,1,25,1,36000,2,1,1,6,1,3,2,28,10080
200,1,27,1,48000,1,1,1,8,1,3,1,14,6720
1405,1,28,1,25000,1,2,1,6,1,3,1,31,7750
526,1,30,1,6000,1,2,1,3,1,3,1,28,1680
363,2,31,1,8800,1,2,2,4,1,3,1,40,3520
742,2,32,1,6000,2,2,1,6,1,3,1,27,1620
434,2,32,1,48000,1,2,1,1,1,3,1,23,11040
750,1,33,1,6800,1,1,1,1,1,3,2,25,1700
1171,1,34,1,6000,1,1,1,8,1,3,2,17,1020
1557,1,34,1,6000,1,2,2,6,1,3,2,22,1320
1655,2,35,1,13000,1,1,1,8,1,3,2,28,3640
1518,1,35,1,64000,1,2,1,4,1,3,1,32,20480
807,1,37,1,7200,1,2,1,1,1,3,1,23,1656
513,2,38,1,6000,2,1,1,4,1,3,2,14,840
735,1,38,1,18000,1,2,1,4,1,3,1,37,6660
1198,2,39,1,11200,1,1,1,1,1,3,1,9,1008
185,2,39,1,16000,1,2,2,2,1,3,1,22,3520
1605,1,39,1,24000,1,2,1,2,1,3,2,8,1920
670,1,40,1,40000,1,2,1,4,1,3,1,37,14800
245,2,41,1,14000,1,1,1,4,1,3,1,18,2520
2074,1,41,1,24000,1,1,1,1,1,3,2,39,9360
425,1,42,1,5000,1,2,1,6,1,3,2,16,800
745,1,42,1,20000,2,2,1,1,1,3,1,27,5400
2044,1,42,1,36000,1,1,2,4,1,3,2,12,4320
2040,2,42,1,50000,1,2,2,1,1,3,2,17,8500
102,2,43,1,14000,1,1,1,2,1,3,2,31,4340
2059,1,44,1,6000,2,2,2,4,1,3,2,14,840
491,1,44,1,28000,2,2,1,4,1,3,2,40,11200
1251,2,45,1,20000,1,1,1,1,1,3,1,40,8000
1468,1,47,1,20000,1,1,1,4,1,3,2,34,6800
1903,2,47,1,64000,1,2,1,1,1,3,1,24,15360
1223,2,48,1,6000,1,2,2,2,1,3,1,20,1200
1560,2,48,1,7200,1,1,1,1,1,3,1,13,936
1954,1,48,1,24000,1,1,1,8,1,3,1,20,4800
1527,2,49,1,48000,1,1,2,4,1,3,1,17,8160
236,2,49,1,50000,1,1,1,2,1,3,1,13,6500
965,2,50,1,6000,1,2,2,2,1,3,1,38,2280
1262,1,50,1,6000,2,2,1,1,1,3,2,19,1140
390,2,50,1,7200,1,1,1,2,1,3,1,30,2160
1963,2,50,1,7200,2,2,2,1,1,3,2,11,792
38,1,50,1,8000,2,2,2,1,1,3,1,18,1440
1285,1,50,1,24000,1,1,2,2,1,3,1,31,7440
1813,1,51,1,8000,1,2,1,4,1,3,2,23,1840
387,1,51,1,19200,1,1,1,6,1,3,1,13,2496
147,1,51,1,40000,1,2,1,6,1,3,1,13,5200
226,1,51,1,48000,1,1,1,4,1,3,1,17,8160
553,1,52,1,20000,1,1,1,3,1,3,2,38,7600
192,1,52,1,24000,1,1,1,2,1,3,2,33,7920
1065,2,52,1,26000,1,1,1,4,1,3,1,36,9360
1212,2,52,1,40000,1,2,1,1,1,3,1,21,8400
1327,2,53,1,48000,2,2,1,1,1,3,2,38,18240
273,1,53,1,64000,1,2,1,6,1,3,1,17,10880
2075,1,54,1,12000,2,2,1,6,1,3,1,40,4800
1669,1,54,1,14000,1,2,2,1,1,3,1,28,3920
816,2,55,1,9600,1,2,1,2,1,3,1,11,1056
160,2,55,1,19600,2,2,2,1,1,3,1,32,6272
527,1,55,1,28000,1,1,1,1,1,3,2,31,8680
1338,1,57,1,11400,1,2,1,4,1,3,1,6,684
1186,1,57,1,52000,1,1,1,1,1,3,2,40,20800
1199,1,58,1,6000,2,1,2,4,1,3,1,38,2280
568,1,58,1,12000,1,2,1,4,1,3,2,11,1320
889,1,58,1,20000,2,1,1,3,1,3,1,17,3400
1901,1,58,1,60000,1,2,2,6,1,3,1,26,15600
2056,1,60,1,64000,1,2,2,1,1,3,1,13,8320
2031,2,61,1,8000,1,1,1,6,1,3,1,27,2160
105,1,61,1,11600,1,2,1,4,1,3,2,14,1624
1354,1,63,1,6000,2,2,2,3,1,3,1,40,2400
753,1,63,1,20000,2,2,1,6,1,3,2,32,6400
772,2,64,1,7200,1,2,1,2,1,3,2,5,360
2027,1,64,1,10000,1,1,1,4,1,3,1,14,1400
2013,1,64,1,27200,1,1,1,8,1,3,2,20,5440
2066,2,64,1,48000,2,2,2,8,1,3,1,29,13920
276,1,65,1,8000,1,2,2,1,1,3,1,33,2640
1366,2,65,1,52000,1,1,1,4,1,3,2,40,20800
874,1,66,1,5200,2,2,1,4,1,3,1,8,416
718,1,66,1,8000,2,1,1,4,1,3,1,28,2240
258,1,66,1,40000,1,1,1,8,1,3,2,11,4400
1037,1,68,1,40000,2,2,1,8,1,3,2,31,12400
1875,1,69,1,18000,1,1,1,1,1,3,1,30,5400
358,1,69,1,23000,1,2,1,4,1,3,1,32,7360
1935,1,70,1,7200,1,2,1,4,1,3,1,32,2304
848,1,70,1,10400,2,2,1,1,1,3,2,39,4056
702,2,71,1,6000,2,2,2,6,1,3,1,18,1080
426,2,71,1,24000,1,2,1,1,1,3,1,15,3600
1192,1,72,1,5000,2,2,1,1,1,3,1,18,900
473,1,73,1,11000,1,1,1,8,1,3,2,10,1100
621,1,74,1,10000,1,2,1,8,1,3,2,24,2400
675,1,74,1,15000,1,1,1,2,1,3,1,7,1050
738,1,76,1,6400,1,2,1,1,1,3,1,28,1792
976,1,77,1,8800,1,1,2,1,1,3,2,14,1232
652,1,77,1,9200,1,2,1,1,1,3,1,30,2760
289,2,79,1,12800,1,2,1,8,1,3,1,40,5120
1692,2,80,1,12000,1,2,1,6,1,3,1,26,3120
1304,2,21,2,4600,2,1,1,2,1,3,1,28,1288
810,1,23,2,12000,1,2,1,3,1,3,1,22,2640
693,1,23,2,56000,1,1,1,4,1,3,2,23,12880
1887,2,25,2,8400,1,2,1,1,1,3,1,27,2268
698,1,26,2,8800,1,2,1,6,1,3,1,14,1232
407,2,27,2,14400,1,2,1,2,1,3,1,20,2880
1614,2,28,2,6400,1,1,1,4,1,3,1,6,384
1207,1,32,2,6000,2,1,1,1,1,3,1,5,300
1428,1,36,2,16000,2,1,1,4,1,3,1,10,1600
1038,2,37,2,7200,1,1,1,8,1,3,1,29,2088
949,1,38,2,12000,2,2,1,8,1,3,1,7,840
46,1,39,2,15000,1,1,2,6,1,3,1,36,5400
1189,1,40,2,40000,1,2,1,4,1,3,1,37,14800
267,1,41,2,10000,1,1,1,6,1,3,1,36,3600
1050,2,41,2,16000,1,1,2,4,1,3,2,40,6400
672,1,44,2,8000,1,2,1,1,1,3,1,24,1920
1077,1,48,2,40000,1,1,1,3,1,3,1,15,6000
1897,1,49,2,10800,1,2,1,4,1,3,1,37,3996
757,1,49,2,40000,1,2,1,4,1,3,2,37,14800
1837,1,50,2,5200,2,1,1,4,1,3,2,21,1092
162,1,50,2,16000,2,2,1,8,1,3,1,33,5280
1190,2,52,2,7200,2,2,1,6,1,3,1,14,1008
1446,2,55,2,7600,1,2,1,1,1,3,1,8,608
1779,1,56,2,8000,1,2,1,1,1,3,2,28,2240
497,1,56,2,12000,2,2,1,1,1,3,1,5,600
435,1,59,2,32000,1,2,1,4,1,3,2,37,11840
555,1,60,2,28000,1,2,1,4,1,3,2,10,2800
1438,2,61,2,10000,2,2,1,4,1,3,1,29,2900
1420,2,61,2,40000,1,2,1,2,1,3,2,24,9600
771,2,63,2,6000,1,2,1,1,1,3,1,23,1380
399,1,65,2,6000,1,2,1,2,1,3,2,36,2160
173,1,65,2,56000,1,2,1,1,1,3,1,22,12320
346,1,66,2,7200,1,2,1,1,1,3,1,27,1944
708,2,67,2,28000,1,2,2,3,1,3,2,21,5880
441,2,68,2,7200,2,2,1,1,1,3,2,5,360
180,2,73,2,32000,1,1,1,8,1,3,2,33,10560
1983,1,75,2,4800,1,2,1,4,1,3,2,15,720
950,1,80,2,9000,1,1,2,6,1,3,2,21,1890
577,1,23,3,6000,2,1,1,1,1,3,2,6,360
384,1,28,3,10000,2,2,1,1,1,3,1,19,1900
991,2,30,3,10000,1,2,2,4,1,3,1,40,4000
1559,1,30,3,10352,1,2,1,4,1,3,1,8,828
1185,1,31,3,8000,1,2,2,2,1,3,1,36,2880
176,1,32,3,52000,1,1,1,6,1,3,2,21,10920
1646,2,33,3,13000,2,2,1,4,1,3,1,22,2860
1615,2,34,3,28000,1,1,1,8,1,3,1,6,1680
215,1,37,3,5000,1,2,2,4,1,3,1,31,1550
749,1,37,3,6000,2,2,1,8,1,3,2,37,2220
1156,1,38,3,44000,1,1,1,1,1,3,1,40,17600
1002,2,39,3,40000,1,2,1,5,1,3,2,21,8400
981,1,42,3,6000,2,1,1,2,1,3,1,15,900
1417,2,42,3,18000,1,2,1,6,1,3,1,22,3960
1331,2,43,3,8000,2,1,2,2,1,3,2,31,2480
1383,2,43,3,19200,1,1,1,2,1,3,2,19,3648
468,1,44,3,6000,2,2,1,6,1,3,1,16,960
486,1,44,3,8000,2,2,1,3,1,3,1,37,2960
280,2,45,3,8000,2,2,1,1,1,3,1,22,1760
91,2,45,3,14600,1,2,1,4,1,3,1,5,730
135,2,45,3,48000,2,2,1,4,1,3,1,16,7680
405,2,48,3,5000,1,1,1,4,1,3,2,16,800
240,2,48,3,48000,1,1,1,6,1,3,2,26,12480
251,1,50,3,6800,1,1,1,1,1,3,2,38,2584
878,1,52,3,24000,1,2,2,1,1,3,1,22,5280
608,1,52,3,44000,1,2,1,6,1,3,1,8,3520
676,1,54,3,5000,1,2,1,6,1,3,1,34,1700
449,1,54,3,22800,1,2,1,1,1,3,1,19,4332
1132,1,55,3,6000,2,2,2,4,1,3,2,9,540
684,1,61,3,12000,1,1,1,4,1,3,1,34,4080
690,2,65,3,6000,2,1,1,4,1,3,2,31,1860
1808,2,68,3,7000,2,2,1,8,1,3,1,22,1540
1977,2,74,3,16000,1,2,1,1,1,3,2,19,3040
1257,1,78,3,15000,1,2,2,3,1,3,2,26,3900
366,1,90,3,18000,1,2,1,4,1,3,1,9,1620
2038,1,44,4,7000,2,2,2,4,1,3,1,10,700
1240,1,48,4,7500,1,1,1,4,1,3,1,12,900
1510,1,57,4,42400,1,1,1,4,1,3,1,33,13992
862,1,68,4,7200,1,2,1,1,1,3,2,24,1728
626,1,42,1,10000,2,2,1,5,0,2,2,32,3200
1688,1,66,1,6400,1,2,2,4,0,2,2,37,2368
830,2,49,2,8000,2,2,1,1,0,2,2,11,880
1908,1,44,1,16000,1,2,1,1,0,2,2,16,2560
1429,1,62,1,20000,1,1,1,1,0,2,1,26,5200
71,1,25,0,8000,1,1,1,1,3,2,2,19,1520
225,2,37,1,7200,2,2,1,1,3,2,1,40,2880
618,1,60,1,13000,1,2,1,6,3,2,1,31,4030
1708,1,65,1,4800,2,2,2,2,3,2,1,13,624
1705,1,60,3,8400,1,2,2,2,3,2,1,15,1260
1427,1,62,3,27200,1,1,1,6,3,2,2,8,2176
69,1,22,0,6000,1,2,2,4,2,2,2,12,720
101,2,28,0,19000,1,1,1,6,2,2,1,39,7410
113,1,31,0,34000,1,1,1,1,2,2,1,7,2380
119,2,35,0,14000,1,1,2,6,2,2,2,26,3640
58,1,36,0,7000,1,1,1,1,2,2,2,11,770
283,1,41,0,16000,1,1,2,4,2,2,1,32,5120
8,2,53,0,36000,2,1,1,3,2,2,2,39,14040
234,2,61,0,36000,2,1,1,6,2,2,2,12,4320
1665,1,64,0,5000,2,1,2,6,2,2,1,29,1450
1104,2,68,0,48000,1,1,2,1,2,2,2,27,12960
1995,1,82,0,36000,1,1,1,4,2,2,2,6,2160
1085,2,46,1,38276,1,2,1,6,2,2,1,19,7272
1604,2,20,1,8000,2,2,1,4,2,2,1,5,400
164,1,22,1,12000,1,1,1,6,2,2,1,13,1560
1308,1,24,1,44000,1,2,1,6,2,2,1,39,17160
447,1,28,1,7200,1,2,1,4,2,2,1,23,1656
1795,1,29,1,14000,1,2,1,4,2,2,2,34,4760
940,1,30,1,7200,2,2,2,1,2,2,1,11,792
1328,1,30,1,14000,2,2,1,2,2,2,1,24,3360
220,2,31,1,12000,1,1,1,6,2,2,2,17,2040
1124,1,31,1,16000,2,2,1,6,2,2,2,19,3040
146,1,34,1,15000,1,2,2,1,2,2,2,13,1950
1191,1,36,1,40000,1,2,1,4,2,2,1,18,7200
1481,1,37,1,32000,2,2,1,4,2,2,1,12,3840
1026,1,37,1,48000,2,1,2,3,2,2,1,37,17760
1432,1,39,1,5600,2,2,1,1,2,2,2,30,1680
1590,1,40,1,5000,2,2,1,1,2,2,1,14,700
2050,1,40,1,30000,1,1,1,4,2,2,2,10,3000
1951,2,40,1,46000,1,2,1,1,2,2,1,40,18400
1759,1,41,1,20000,1,2,1,8,2,2,1,35,7000
401,1,42,1,5000,1,1,1,6,2,2,2,38,1900
699,1,44,1,7200,2,1,1,1,2,2,2,8,576
794,1,44,1,24000,1,2,1,1,2,2,2,21,5040
2076,2,45,1,9200,1,2,1,6,2,2,2,24,2208
1196,1,45,1,13600,1,1,2,2,2,2,1,13,1768
1503,2,46,1,4800,2,1,1,6,2,2,2,21,1008
1761,2,47,1,16000,1,2,1,8,2,2,1,6,960
1062,1,48,1,4800,1,1,1,4,2,2,1,15,720
322,1,48,1,60000,1,2,2,4,2,2,1,30,18000
222,1,49,1,6000,1,2,1,1,2,2,2,18,1080
564,2,49,1,15000,1,1,1,4,2,2,1,25,3750
2018,1,49,1,48000,1,2,1,5,2,2,1,34,16320
137,2,50,1,6000,2,2,1,4,2,2,1,32,1920
2072,1,50,1,12000,2,1,1,2,2,2,1,5,600
547,2,50,1,40000,1,1,1,1,2,2,1,31,12400
963,1,51,1,28000,1,1,2,3,2,2,2,7,1960
1075,2,52,1,8800,2,2,1,4,2,2,1,36,3168
1947,1,52,1,25000,1,2,1,1,2,2,2,13,3250
1079,1,52,1,48000,1,2,1,2,2,2,1,21,10080
1435,1,54,1,18000,2,2,1,4,2,2,1,40,7200
2010,2,55,1,8800,1,1,1,6,2,2,1,30,2640
1529,2,57,1,6960,1,2,2,1,2,2,1,33,2296
398,2,57,1,50000,2,1,1,1,2,2,2,22,11000
1097,1,58,1,11200,1,2,1,4,2,2,1,14,1568
1093,2,58,1,18000,1,1,1,6,2,2,2,38,6840
1142,1,60,1,20000,2,1,1,4,2,2,2,31,6200
261,1,61,1,28000,1,1,1,6,2,2,1,14,3920
464,1,62,1,19600,1,2,1,4,2,2,1,27,5292
867,2,62,1,32000,1,1,1,4,2,2,1,26,8320
2045,1,63,1,10000,1,2,1,2,2,2,1,12,1200
596,2,64,1,40000,1,2,1,6,2,2,1,38,15200
630,2,65,1,16000,1,2,1,8,2,2,2,12,1920
501,1,66,1,8000,2,2,1,6,2,2,1,35,2800
471,2,66,1,24000,1,1,2,6,2,2,1,39,9360
395,1,67,1,25000,1,2,1,6,2,2,1,5,1250
145,2,67,1,34000,1,2,1,1,2,2,1,7,2380
997,1,68,1,20000,2,2,1,6,2,2,1,16,3200
1773,1,68,1,24000,1,1,1,1,2,2,2,19,4560
1347,1,69,1,32000,2,2,1,4,2,2,2,6,1920
775,1,70,1,10800,1,2,1,3,2,2,2,18,1944
1443,1,71,1,8000,2,1,1,6,2,2,1,35,2800
24,1,73,1,10000,1,1,1,1,2,2,2,11,1100
227,1,74,1,24000,1,1,1,1,2,2,1,28,6720
1107,1,76,1,20000,2,2,1,4,2,2,1,34,6800
1771,2,80,1,16000,1,2,1,4,2,2,1,36,5760
1981,2,82,1,36000,1,1,1,1,2,2,1,6,2160
1924,1,85,1,7200,1,1,2,2,2,2,1,35,2520
1571,2,22,2,5200,1,1,1,1,2,2,2,10,520
1071,1,23,2,6400,2,1,1,8,2,2,1,14,896
813,2,23,2,10000,1,1,1,5,2,2,2,38,3800
964,1,26,2,5600,2,2,2,4,2,2,1,34,1904
1001,1,26,2,7200,1,1,2,4,2,2,1,38,2736
2001,1,26,2,12000,1,2,1,6,2,2,1,23,2760
277,1,27,2,8000,2,2,1,1,2,2,2,18,1440
1470,1,28,2,8000,1,1,2,1,2,2,2,17,1360
1041,1,28,2,10000,1,2,1,4,2,2,1,26,2600
941,2,31,2,5000,2,2,1,1,2,2,1,14,700
208,2,32,2,10800,1,1,1,1,2,2,1,23,2484
1145,1,37,2,14400,1,1,2,1,2,2,1,21,3024
1608,2,38,2,4800,1,2,1,6,2,2,1,24,1152
1022,1,39,2,7200,2,2,1,1,2,2,2,6,432
413,2,39,2,32000,1,1,2,4,2,2,2,25,8000
1956,1,40,2,5600,2,1,1,1,2,2,2,27,1512
1231,1,40,2,25200,2,2,1,4,2,2,2,14,3528
1410,1,40,2,60000,1,2,1,6,2,2,2,11,6600
820,1,41,2,4800,2,1,1,4,2,2,2,29,1392
394,1,42,2,6000,2,2,1,6,2,2,1,28,1680
1678,1,43,2,6000,1,2,1,1,2,2,1,35,2100
1603,1,43,2,20000,2,1,1,1,2,2,2,26,5200
309,1,48,2,6000,2,1,1,4,2,2,2,34,2040
933,2,49,2,16000,2,1,1,6,2,2,2,22,3520
1515,1,50,2,6000,1,2,1,6,2,2,1,20,1200
1125,1,51,2,20000,1,1,1,1,2,2,2,9,1800
1154,2,52,2,12000,1,2,2,6,2,2,2,13,1560
658,1,53,2,12000,2,2,1,8,2,2,2,24,2880
1988,1,54,2,24000,1,2,1,4,2,2,1,15,3600
374,1,55,2,6000,1,2,1,4,2,2,1,8,480
927,1,55,2,6000,1,1,1,4,2,2,1,31,1860
1066,1,56,2,9000,1,1,2,4,2,2,2,24,2160
2046,2,58,2,36000,1,1,2,1,2,2,1,17,6120
1727,1,59,2,40000,1,1,2,3,2,2,1,16,6400
1325,1,62,2,8000,1,1,1,6,2,2,1,9,720
1496,1,79,2,8000,1,1,1,1,2,2,2,12,960
1155,1,81,2,20000,1,1,1,4,2,2,1,30,6000
947,1,26,3,9600,1,1,2,4,2,2,2,18,1728
1291,1,27,3,5600,2,1,1,1,2,2,2,31,1736
1718,1,29,3,10800,1,1,1,4,2,2,2,22,2376
661,2,30,3,10000,1,2,1,1,2,2,1,16,1600
774,1,37,3,6000,2,1,1,1,2,2,2,23,1380
1301,1,37,3,32000,1,1,1,8,2,2,1,17,5440
646,1,38,3,9600,1,1,1,2,2,2,1,39,3744
1534,1,38,3,36800,1,2,1,2,2,2,1,28,10304
1307,1,39,3,20000,2,1,1,6,2,2,2,36,7200
729,1,40,3,52000,1,2,1,1,2,2,1,40,20800
436,1,41,3,10000,1,2,2,2,2,2,1,23,2300
746,1,45,3,8000,2,1,1,6,2,2,2,34,2720
1519,2,48,3,5000,1,1,1,1,2,2,2,9,450
866,1,48,3,20000,1,2,1,2,2,2,1,12,2400
1499,1,49,3,40000,1,2,1,1,2,2,2,5,2000
1009,1,50,3,50000,1,1,1,6,2,2,2,15,7500
214,1,51,3,20000,1,1,1,1,2,2,1,39,7800
913,1,56,3,12800,2,2,1,1,2,2,1,38,4864
1962,1,57,3,7800,1,1,1,6,2,2,1,12,936
1382,2,58,3,17200,1,1,1,4,2,2,1,30,5160
890,1,59,3,7000,1,1,1,1,2,2,2,36,2520
1585,2,61,3,6400,1,1,2,2,2,2,1,37,2368
39,1,64,3,32000,1,2,1,6,2,2,2,31,9920
128,1,67,3,24000,1,2,1,4,2,2,1,18,4320
573,2,74,3,13200,1,2,1,1,2,2,1,23,3036
98,1,37,4,9200,1,2,1,4,2,2,2,19,1748
879,2,40,4,36000,2,2,2,1,2,2,1,26,9360
56,1,22,0,9000,1,2,1,8,1,2,2,32,2880
70,2,18,0,6000,1,2,2,1,1,2,2,19,1140
68,1,25,0,16000,2,2,2,4,1,2,1,17,2720
49,2,50,0,60000,2,2,2,1,1,2,1,30,18000
21,1,18,0,6000,1,1,1,8,1,2,2,27,1620
60,1,25,0,24000,1,2,1,6,1,2,2,7,1680
100,2,23,0,5500,1,2,1,4,1,2,2,39,2145
92,2,28,0,10000,2,2,1,4,1,2,2,11,1100
65,1,31,0,17000,1,2,1,2,1,2,2,5,850
94,2,22,0,20800,1,1,1,1,1,2,2,32,6656
82,2,21,0,60000,1,2,1,8,1,2,2,37,22200
37,2,23,0,14000,1,2,1,1,1,2,1,35,4900
74,2,25,0,16000,2,2,1,5,1,2,1,22,3520
63,2,25,0,40000,1,1,1,3,1,2,2,15,6000
120,1,32,0,16000,2,2,1,6,1,2,1,34,5440
89,2,34,0,20000,1,1,2,4,1,2,2,25,5000
85,1,35,0,30000,1,2,1,6,1,2,1,23,6900
129,1,39,0,24800,2,1,1,4,1,2,1,11,2728
97,2,41,0,8000,2,1,2,2,1,2,1,22,1760
629,1,50,0,24000,1,2,2,2,1,2,1,10,2400
78,2,52,0,8800,1,2,1,1,1,2,2,19,1672
1592,2,52,0,14000,1,2,1,1,1,2,2,31,4340
93,2,53,0,5000,1,1,1,1,1,2,1,12,600
1984,1,55,0,16000,1,2,1,3,1,2,1,9,1440
648,1,56,0,5000,1,2,1,1,1,2,2,38,1900
248,1,56,0,14000,1,2,1,1,1,2,1,36,5040
340,1,58,0,8000,1,1,1,4,1,2,1,25,2000
959,1,61,0,20000,1,1,2,6,1,2,1,11,2200
40,2,63,0,12000,1,1,2,4,1,2,2,20,2400
118,2,64,0,10000,2,1,1,3,1,2,2,20,2000
599,2,64,0,10000,2,2,2,6,1,2,1,36,3600
377,1,68,0,22000,1,1,1,4,1,2,1,39,8580
73,2,72,0,8000,2,1,1,1,1,2,1,24,1920
1184,1,73,0,10000,2,1,1,6,1,2,1,5,500
1822,1,74,0,26000,1,2,1,2,1,2,2,29,7540
266,1,76,0,32000,1,1,2,1,1,2,1,16,5120
1122,2,78,0,14000,1,1,2,1,1,2,2,39,5460
1250,1,80,0,7200,2,2,1,6,1,2,2,19,1368
53,2,80,0,10000,1,2,1,2,1,2,2,8,800
48,2,82,0,8000,1,1,1,8,1,2,2,35,2800
1575,2,83,0,15000,1,2,1,4,1,2,1,31,4650
1642,2,84,0,5000,2,1,1,7,1,2,2,33,1650
1278,2,84,0,7200,1,1,1,4,1,2,1,26,1872
83,2,85,0,20000,1,1,1,1,1,2,2,9,1800
1754,2,85,0,40000,1,2,1,4,1,2,1,19,7600
1293,2,88,0,10000,2,2,1,1,1,2,1,9,900
674,2,89,0,7200,1,1,2,1,1,2,1,36,2592
719,1,89,0,28000,1,1,1,3,1,2,2,11,3080
1827,1,56,1,56000,1,1,1,4,1,2,2,31,17360
1162,1,21,1,4800,2,2,1,6,1,2,1,32,1536
1886,1,21,1,16000,2,2,1,4,1,2,1,32,5120
1461,2,21,1,32000,2,2,1,3,1,2,1,39,12480
600,1,23,1,4700,2,2,1,1,1,2,1,21,987
1751,1,23,1,10000,2,2,1,1,1,2,1,23,2300
1488,1,23,1,17000,1,1,1,1,1,2,2,15,2550
1424,2,26,1,15000,2,1,1,6,1,2,2,23,3450
883,1,27,1,7200,1,2,1,8,1,2,1,24,1728
338,1,28,1,18000,1,1,1,4,1,2,1,20,3600
241,2,28,1,50000,1,2,1,6,1,2,1,22,11000
824,1,29,1,12000,1,1,1,1,1,2,1,21,2520
1930,2,29,1,16000,2,2,1,4,1,2,1,13,2080
544,1,30,1,5000,1,2,2,2,1,2,1,5,250
429,1,30,1,7200,1,1,1,4,1,2,1,24,1728
1324,1,30,1,10000,1,1,1,4,1,2,2,13,1300
1775,1,30,1,20000,1,2,2,1,1,2,2,20,4000
2009,2,31,1,32000,1,2,1,4,1,2,1,38,12160
1485,1,32,1,24800,2,1,1,6,1,2,1,35,8680
1404,1,32,1,32000,1,2,1,4,1,2,1,12,3840
260,1,32,1,36000,2,2,2,4,1,2,1,35,12600
1148,1,33,1,4800,2,2,1,8,1,2,1,18,864
1612,1,33,1,36000,1,2,1,8,1,2,1,31,11160
2030,1,33,1,64000,1,1,2,1,1,2,1,14,8960
402,1,34,1,8000,1,2,1,2,1,2,1,30,2400
1502,1,34,1,9200,1,2,1,1,1,2,2,15,1380
1743,1,34,1,52000,1,2,1,4,1,2,2,30,15600
1745,1,35,1,12000,1,1,2,1,1,2,1,29,3480
1630,1,35,1,40000,1,2,2,4,1,2,1,25,10000
1925,1,36,1,32000,1,2,2,4,1,2,2,22,7040
1008,1,37,1,6000,2,1,2,1,1,2,1,8,480
1433,1,37,1,8000,2,2,1,4,1,2,2,15,1200
1367,1,37,1,18000,1,1,1,1,1,2,1,40,7200
1202,2,37,1,24000,1,2,1,2,1,2,1,11,2640
1884,2,38,1,5500,1,2,1,6,1,2,1,25,1375
2079,1,38,1,7000,2,2,1,4,1,2,2,26,1820
894,1,38,1,8000,1,1,2,2,1,2,2,16,1280
770,2,38,1,56000,1,1,1,6,1,2,2,6,3360
1739,1,39,1,6000,1,1,2,1,1,2,2,11,660
2042,2,39,1,12000,2,2,2,3,1,2,1,17,2040
454,2,39,1,14000,1,1,2,1,1,2,2,14,1960
957,2,39,1,32000,2,1,2,1,1,2,2,9,2880
2069,2,40,1,4800,2,2,1,1,1,2,2,20,960
677,2,40,1,6000,1,1,1,1,1,2,1,33,1980
11,1,40,1,7200,1,2,1,4,1,2,2,14,1008
1895,1,40,1,12000,1,2,1,1,1,2,1,5,600
538,2,40,1,16000,2,2,1,4,1,2,2,25,4000
496,1,40,1,20000,2,2,2,8,1,2,2,38,7600
2025,1,40,1,24000,2,1,1,6,1,2,2,39,9360
484,2,40,1,62400,1,2,1,1,1,2,1,28,17472
320,1,41,1,6000,1,2,1,2,1,2,1,6,360
921,1,41,1,8000,2,2,1,6,1,2,2,14,1120
1208,1,41,1,8000,2,2,1,8,1,2,1,25,2000
871,1,41,1,10000,1,1,1,4,1,2,1,7,700
1726,2,41,1,60000,2,2,2,4,1,2,2,16,9600
455,1,42,1,4800,2,1,1,1,1,2,1,31,1488
724,2,42,1,6000,1,1,1,4,1,2,2,39,2340
369,1,43,1,8000,1,1,1,4,1,2,1,16,1280
1760,2,43,1,10000,1,2,1,4,1,2,2,29,2900
759,2,43,1,12000,1,1,1,8,1,2,1,20,2400
1031,1,43,1,20000,1,1,1,1,1,2,1,10,2000
851,1,43,1,36000,1,1,2,4,1,2,1,26,9360
823,1,43,1,40000,1,1,1,1,1,2,1,6,2400
1474,1,43,1,44000,1,2,1,1,1,2,1,9,3960
1165,1,44,1,10400,1,2,2,2,1,2,2,24,2496
1498,1,44,1,12000,1,1,1,4,1,2,1,21,2520
919,1,44,1,24000,2,1,1,1,1,2,1,12,2880
765,1,45,1,6000,1,1,2,4,1,2,1,6,360
313,1,45,1,6800,2,1,1,2,1,2,1,36,2448
420,2,45,1,8800,2,1,1,4,1,2,2,18,1584
1476,2,45,1,24000,1,2,1,4,1,2,2,5,1200
1602,1,45,1,56000,1,2,1,5,1,2,2,38,21280
849,1,46,1,6000,2,1,1,6,1,2,1,14,840
229,1,46,1,8000,1,1,1,1,1,2,2,11,880
1025,2,46,1,10000,1,1,1,1,1,2,2,11,1100
1509,1,46,1,12800,1,1,1,3,1,2,1,39,4992
218,1,46,1,24000,1,2,2,1,1,2,2,32,7680
1683,1,46,1,38000,2,2,1,4,1,2,2,12,4560
1993,1,47,1,7000,1,1,1,1,1,2,2,34,2380
291,2,47,1,8000,1,2,1,1,1,2,1,13,1040
1801,1,47,1,10000,1,2,1,4,1,2,1,34,3400
1341,1,47,1,32000,1,2,1,6,1,2,1,21,6720
149,1,48,1,10000,2,2,1,1,1,2,1,38,3800
1088,1,48,1,12000,1,1,2,1,1,2,1,19,2280
1577,1,48,1,12000,1,2,2,4,1,2,2,5,600
1948,2,48,1,32000,1,1,1,1,1,2,2,19,6080
1115,2,49,1,6000,2,1,1,1,1,2,1,25,1500
1063,2,49,1,7200,1,2,2,6,1,2,2,32,2304
216,1,49,1,10000,1,1,1,1,1,2,1,15,1500
668,1,49,1,14000,1,2,1,6,1,2,1,25,3500
1445,1,49,1,14400,2,1,2,2,1,2,1,8,1152
1221,2,49,1,20000,1,2,1,2,1,2,1,31,6200
1899,1,49,1,28000,1,2,1,1,1,2,1,12,3360
1556,1,49,1,36000,1,2,1,1,1,2,1,5,1800
1229,2,50,1,4800,2,2,1,4,1,2,2,12,576
1495,1,50,1,5900,1,2,1,5,1,2,1,6,354
1654,2,50,1,6000,1,2,2,4,1,2,2,34,2040
199,1,50,1,6500,1,2,1,1,1,2,2,10,650
2019,1,50,1,10000,2,2,1,6,1,2,1,31,3100
954,2,50,1,12000,2,2,1,2,1,2,1,40,4800
1163,1,51,1,5000,2,1,1,4,1,2,1,5,250
462,1,51,1,8000,2,1,1,1,1,2,2,22,1760
1632,2,51,1,12000,1,2,1,6,1,2,2,24,2880
1386,1,52,1,4800,2,1,1,1,1,2,1,34,1632
612,1,52,1,6000,2,1,1,6,1,2,1,11,660
282,2,52,1,6800,2,2,1,4,1,2,1,39,2652
846,2,52,1,8000,2,2,2,4,1,2,1,40,3200
1015,2,52,1,8000,1,2,1,4,1,2,1,11,880
152,2,52,1,10000,1,2,2,1,1,2,2,37,3700
354,1,52,1,10000,2,2,1,3,1,2,1,32,3200
453,1,52,1,14000,2,1,1,6,1,2,1,33,4620
679,2,52,1,14000,1,1,1,2,1,2,1,32,4480
756,1,52,1,16000,2,2,2,6,1,2,1,21,3360
272,1,52,1,25000,1,2,1,1,1,2,1,14,3500
1083,1,52,1,28000,1,2,1,1,1,2,1,25,7000
1784,1,52,1,28000,1,1,2,1,1,2,2,30,8400
1264,2,52,1,42000,1,1,1,1,1,2,1,20,8400
910,2,53,1,10000,1,2,2,4,1,2,2,7,700
969,1,53,1,10000,1,1,1,4,1,2,2,25,2500
2077,1,53,1,12000,1,2,2,1,1,2,1,34,4080
1797,1,53,1,23000,1,2,1,6,1,2,1,40,9200
628,1,53,1,48000,1,1,1,5,1,2,1,11,5280
989,1,54,1,8400,1,1,1,4,1,2,1,38,3192
2028,2,54,1,10000,1,1,1,1,1,2,2,17,1700
1664,2,54,1,14000,1,1,1,4,1,2,1,38,5320
2081,1,54,1,16000,2,1,1,2,1,2,1,22,3520
1693,2,54,1,48000,2,2,1,1,1,2,1,33,15840
1072,1,55,1,6000,2,2,1,4,1,2,2,18,1080
478,1,55,1,7200,1,2,1,4,1,2,1,33,2376
131,1,55,1,11000,1,1,1,1,1,2,2,22,2420
1942,1,55,1,12000,1,1,2,2,1,2,1,5,600
1839,2,55,1,13500,1,2,1,4,1,2,1,33,4455
521,2,55,1,16000,2,2,1,4,1,2,1,18,2880
1451,2,55,1,60000,1,1,1,6,1,2,2,27,16200
1728,2,55,1,60000,1,1,1,1,1,2,1,18,10800
1547,1,56,1,34800,1,2,1,2,1,2,1,40,13920
1352,1,56,1,40000,1,1,1,1,1,2,1,33,13200
918,1,57,1,10000,1,1,1,1,1,2,1,21,2100
1210,1,57,1,15000,1,2,1,2,1,2,1,22,3300
1651,1,57,1,17000,1,2,2,1,1,2,2,39,6630
1247,2,57,1,20000,1,2,1,4,1,2,1,21,4200
443,2,57,1,40000,1,2,1,4,1,2,1,27,10800
1146,1,58,1,5000,1,1,1,3,1,2,2,36,1800
442,2,58,1,6000,2,1,1,8,1,2,2,40,2400
2023,1,58,1,6000,1,1,1,1,1,2,1,39,2340
1882,1,58,1,12000,1,1,1,1,1,2,1,34,4080
1945,1,58,1,40000,1,2,1,4,1,2,2,8,3200
833,2,58,1,52000,1,1,1,1,1,2,2,27,14040
803,2,58,1,64000,1,1,2,4,1,2,1,35,22400
798,2,59,1,12000,1,2,1,4,1,2,2,37,4440
1110,2,59,1,12000,1,1,1,8,1,2,2,30,3600
1019,1,59,1,22000,1,2,1,4,1,2,1,22,4840
438,1,59,1,30000,1,2,1,2,1,2,2,11,3300
311,1,59,1,40000,1,2,1,1,1,2,1,31,12400
1492,1,60,1,10720,1,2,1,2,1,2,1,34,3644
1430,1,60,1,20000,2,1,1,6,1,2,2,9,1800
2064,1,60,1,24800,2,2,1,1,1,2,1,7,1736
875,1,60,1,30000,1,1,1,6,1,2,2,12,3600
1844,1,61,1,8400,1,1,2,2,1,2,2,40,3360
1398,2,61,1,10000,1,1,1,6,1,2,1,22,2200
1838,1,61,1,14000,2,2,1,4,1,2,2,10,1400
1268,1,61,1,22400,1,2,1,3,1,2,1,34,7616
1950,1,62,1,7000,1,2,2,3,1,2,1,31,2170
1695,2,62,1,12000,2,2,1,6,1,2,2,35,4200
1323,2,62,1,13000,1,1,2,2,1,2,2,8,1040
1524,1,62,1,24000,1,1,1,1,1,2,2,37,8880
1871,1,62,1,32000,1,2,1,4,1,2,1,14,4480
323,1,63,1,9000,1,2,1,6,1,2,1,32,2880
1267,1,63,1,18000,2,1,2,1,1,2,1,40,7200
1139,1,63,1,44000,1,1,1,4,1,2,2,14,6160
567,1,64,1,5600,2,1,1,3,1,2,1,18,1008
1282,1,64,1,6800,1,2,2,4,1,2,2,33,2244
1970,1,64,1,8000,1,1,1,1,1,2,1,7,560
633,1,64,1,10000,2,2,2,7,1,2,2,27,2700
1042,2,64,1,11600,1,1,1,4,1,2,2,39,4524
1763,2,64,1,15000,2,1,1,8,1,2,1,34,5100
1709,1,64,1,24000,1,1,1,5,1,2,1,36,8640
936,1,64,1,48000,1,2,1,1,1,2,2,29,13920
1885,1,65,1,8272,1,2,1,1,1,2,2,15,1240
1215,1,65,1,60000,1,1,1,6,1,2,2,13,7800
973,2,66,1,4800,2,2,1,1,1,2,2,29,1392
2047,2,66,1,5000,1,1,1,6,1,2,2,31,1550
1371,1,66,1,10000,1,1,1,1,1,2,1,25,2500
1390,1,67,1,12000,1,1,1,1,1,2,2,19,2280
1582,1,67,1,15000,1,2,1,6,1,2,2,13,1950
1014,1,68,1,40000,1,1,1,6,1,2,1,38,15200
1618,1,68,1,52000,1,1,1,4,1,2,2,16,8320
1971,2,69,1,7200,1,2,1,4,1,2,2,12,864
1631,1,70,1,20000,1,1,1,6,1,2,2,31,6200
1691,1,70,1,28000,1,2,1,6,1,2,2,8,2240
284,1,70,1,60000,2,1,1,6,1,2,1,10,6000
1914,2,70,1,60000,1,1,1,1,1,2,1,35,21000
306,1,71,1,16000,2,1,1,6,1,2,1,11,1760
1540,1,71,1,19200,1,1,2,6,1,2,1,19,3648
1819,2,71,1,30000,1,2,1,1,1,2,2,17,5100
755,2,72,1,7500,1,2,2,1,1,2,2,25,1875
1364,1,72,1,8000,1,1,1,3,1,2,1,18,1440
653,1,72,1,8400,1,2,2,4,1,2,2,33,2772
1729,1,72,1,8800,1,2,1,6,1,2,1,30,2640
1623,1,72,1,12000,1,2,2,4,1,2,1,36,4320
962,1,72,1,24000,1,2,1,1,1,2,2,12,2880
1959,2,72,1,48000,1,1,1,4,1,2,1,16,7680
1056,1,73,1,8000,1,2,1,1,1,2,2,24,1920
1123,2,73,1,14000,2,1,2,8,1,2,1,17,2380
231,1,73,1,16000,1,2,1,2,1,2,1,27,4320
197,1,73,1,24000,2,2,1,5,1,2,1,19,4560
1089,2,73,1,24000,1,1,2,1,1,2,2,22,5280
1200,1,73,1,40000,1,2,1,8,1,2,1,12,4800
1765,1,74,1,15000,1,1,1,4,1,2,1,39,5850
1807,2,74,1,16000,1,1,1,1,1,2,2,25,4000
948,1,75,1,5000,1,1,1,4,1,2,2,15,750
1070,1,75,1,8000,2,1,1,6,1,2,2,30,2400
1601,2,75,1,8000,2,1,1,6,1,2,2,35,2800
1788,2,75,1,44000,1,2,1,2,1,2,2,35,15400
1108,1,76,1,6000,2,1,1,6,1,2,1,8,480
1722,2,76,1,20000,1,1,1,4,1,2,2,38,7600
2032,1,77,1,12000,1,2,2,2,1,2,2,8,960
703,2,77,1,30000,2,2,1,4,1,2,1,5,1500
1868,1,78,1,9000,1,2,1,4,1,2,1,22,1980
1674,2,78,1,10000,1,2,2,4,1,2,1,35,3500
1006,1,79,1,6000,1,2,1,8,1,2,2,18,1080
858,2,80,1,5600,1,1,2,4,1,2,1,32,1792
1253,1,80,1,7200,2,1,1,3,1,2,2,11,792
911,2,80,1,30000,1,1,1,6,1,2,2,33,9900
1490,2,83,1,8000,2,2,1,6,1,2,2,22,1760
2014,2,85,1,20000,1,1,1,7,1,2,2,39,7800
1555,1,88,1,8000,2,2,2,1,1,2,2,10,800
1225,1,20,2,5000,2,1,1,6,1,2,2,39,1950
1158,1,20,2,14000,1,2,1,8,1,2,1,39,5460
873,1,23,2,6000,1,1,1,6,1,2,2,35,2100
1052,2,24,2,12000,2,1,2,1,1,2,2,32,3840
1628,1,24,2,50000,1,2,1,6,1,2,1,9,4500
1246,1,26,2,7200,2,1,2,4,1,2,1,7,504
1311,2,26,2,24000,1,1,1,1,1,2,1,30,7200
893,2,27,2,13000,2,1,1,3,1,2,2,25,3250
1297,2,28,2,16000,2,1,1,2,1,2,2,24,3840
1610,1,28,2,26000,1,1,2,4,1,2,1,11,2860
1315,1,29,2,7200,1,2,1,4,1,2,2,7,504
1018,1,29,2,10000,1,1,1,1,1,2,2,7,700
1298,1,29,2,14000,1,1,1,2,1,2,2,34,4760
1781,1,30,2,5000,1,1,2,1,1,2,1,29,1450
773,2,30,2,8000,1,2,1,1,1,2,2,28,2240
837,1,31,2,8000,2,1,1,3,1,2,1,27,2160
300,1,31,2,10000,2,1,2,3,1,2,1,10,1000
1283,1,31,2,26000,1,2,1,1,1,2,1,22,5720
1129,1,32,2,6000,2,2,1,4,1,2,1,38,2280
1778,2,32,2,10000,2,1,1,4,1,2,1,21,2100
793,1,32,2,16000,1,1,1,6,1,2,1,39,6240
548,2,33,2,7000,1,1,1,6,1,2,2,29,2030
1548,2,33,2,8000,2,1,1,6,1,2,1,13,1040
298,2,33,2,16000,1,2,2,3,1,2,1,15,2400
1168,1,35,2,14000,2,1,1,1,1,2,1,31,4340
2055,1,36,2,6000,2,1,1,2,1,2,1,35,2100
1985,1,36,2,10000,1,2,1,8,1,2,2,32,3200
1706,1,36,2,18000,2,1,2,2,1,2,1,5,900
1583,1,36,2,48000,1,2,1,6,1,2,2,39,18720
1663,1,37,2,7000,1,2,1,2,1,2,2,25,1750
1738,2,37,2,12000,1,2,1,1,1,2,1,19,2280
5,2,37,2,14400,2,2,2,8,1,2,2,10,1440
344,1,37,2,48000,1,2,1,8,1,2,1,13,6240
1266,1,38,2,6800,1,2,1,4,1,2,1,9,612
360,1,39,2,40000,2,1,2,8,1,2,1,17,6800
1770,1,40,2,6400,1,1,2,8,1,2,2,12,768
1717,1,41,2,6000,1,1,1,8,1,2,1,7,420
673,2,41,2,9200,1,1,2,4,1,2,1,37,3404
316,2,42,2,34000,1,1,1,1,1,2,2,19,6460
928,1,42,2,34000,2,2,1,1,1,2,2,21,7140
781,1,43,2,15000,2,1,1,4,1,2,1,34,5100
980,1,43,2,15600,1,1,1,4,1,2,2,33,5148
1188,1,43,2,24000,1,2,1,4,1,2,2,16,3840
210,1,43,2,48000,2,1,1,1,1,2,1,18,8640
458,1,44,2,12000,2,2,2,1,1,2,1,22,2640
838,1,44,2,12000,1,1,1,3,1,2,2,30,3600
2061,2,44,2,14000,1,1,1,6,1,2,1,12,1680
1128,1,44,2,33600,1,2,1,1,1,2,2,12,4032
551,1,45,2,8000,1,1,1,8,1,2,1,25,2000
1173,1,45,2,10000,2,2,1,6,1,2,2,15,1500
779,2,45,2,29200,1,2,1,4,1,2,2,20,5840
650,1,45,2,34000,2,2,1,1,1,2,1,36,12240
1992,1,46,2,6000,2,1,1,4,1,2,1,28,1680
1263,2,46,2,40000,1,2,1,4,1,2,1,10,4000
317,2,47,2,8000,2,1,1,6,1,2,2,26,2080
1394,1,47,2,12000,2,2,2,4,1,2,1,40,4800
1848,1,47,2,12000,1,1,1,6,1,2,1,33,3960
1388,1,47,2,24000,1,1,1,1,1,2,1,40,9600
1619,2,47,2,24000,2,1,1,4,1,2,1,29,6960
1707,1,48,2,15200,1,1,1,2,1,2,1,19,2888
700,2,49,2,12000,2,2,1,2,1,2,1,19,2280
1939,1,50,2,7200,2,1,1,6,1,2,1,37,2664
1270,2,50,2,10000,1,1,1,4,1,2,2,23,2300
1791,1,50,2,24000,1,1,1,4,1,2,1,25,6000
281,1,50,2,28000,1,2,1,6,1,2,1,17,4760
1716,1,52,2,5200,1,2,2,8,1,2,1,26,1352
1896,2,52,2,10000,2,1,1,1,1,2,1,33,3300
1203,1,52,2,28000,2,2,1,1,1,2,1,9,2520
254,1,54,2,15200,1,2,1,8,1,2,1,20,3040
61,1,54,2,60000,1,2,1,1,1,2,1,12,7200
498,2,56,2,5000,1,1,1,4,1,2,1,15,750
125,1,56,2,8000,2,1,1,4,1,2,2,24,1920
1134,1,56,2,14000,1,2,1,4,1,2,2,37,5180
1543,2,56,2,24000,1,1,1,4,1,2,1,36,8640
1746,2,57,2,30000,2,1,1,4,1,2,1,24,7200
926,2,58,2,7600,1,2,2,1,1,2,1,34,2584
356,1,58,2,45000,1,2,1,4,1,2,1,29,13050
168,1,59,2,6000,2,2,1,1,1,2,2,35,2100
996,1,59,2,6000,2,1,1,1,1,2,2,11,660
1796,1,59,2,6800,1,2,2,2,1,2,1,19,1292
1182,1,60,2,16000,1,2,1,6,1,2,2,18,2880
1794,2,60,2,28000,1,1,1,2,1,2,2,6,1680
907,2,61,2,48000,2,2,2,1,1,2,1,17,8160
534,1,61,2,56000,1,1,1,8,1,2,1,6,3360
970,2,63,2,6800,1,2,1,1,1,2,1,38,2584
1011,2,64,2,7000,1,1,2,3,1,2,2,14,980
1862,2,64,2,7000,1,1,1,1,1,2,1,14,980
127,2,64,2,7200,1,1,2,2,1,2,1,22,1584
1048,1,64,2,48000,1,2,1,6,1,2,1,21,10080
1660,2,65,2,8400,1,1,2,4,1,2,1,26,2184
1153,1,65,2,32000,2,1,1,4,1,2,1,6,1920
641,1,65,2,40000,1,2,2,1,1,2,1,26,10400
514,2,67,2,8000,1,1,1,4,1,2,2,19,1520
524,2,67,2,12000,2,2,1,8,1,2,1,10,1200
1607,1,69,2,60000,1,1,1,4,1,2,2,27,16200
155,1,71,2,4800,1,2,1,6,1,2,2,33,1584
614,1,71,2,10000,2,1,1,4,1,2,2,11,1100
2073,2,71,2,30000,1,1,2,1,1,2,1,22,6600
916,2,72,2,8000,2,1,1,6,1,2,2,29,2320
2051,1,73,2,8400,1,1,1,2,1,2,1,28,2352
503,2,74,2,24000,1,2,1,8,1,2,2,14,3360
591,1,74,2,48000,2,1,1,4,1,2,1,5,2400
955,1,75,2,52000,1,2,1,1,1,2,2,11,5720
1926,1,76,2,13600,1,1,1,8,1,2,2,37,5032
1058,2,81,2,10000,1,1,1,6,1,2,1,26,2600
466,2,82,2,15000,1,1,1,5,1,2,1,22,3300
885,1,24,3,20000,2,1,2,6,1,2,2,11,2200
1205,2,24,3,60000,1,2,2,1,1,2,1,14,8400
1222,1,26,3,12000,1,2,1,3,1,2,1,22,2640
188,1,27,3,4800,2,2,1,8,1,2,2,21,1008
1204,2,27,3,20000,2,2,1,4,1,2,2,28,5600
1872,2,28,3,6000,2,2,1,1,1,2,2,27,1620
617,1,28,3,13200,1,2,1,4,1,2,2,33,4356
1239,1,28,3,56000,1,2,1,1,1,2,2,27,15120
895,2,29,3,8000,1,2,1,2,1,2,2,10,800
1637,1,29,3,28000,1,1,1,1,1,2,2,20,5600
427,2,30,3,12000,1,1,1,2,1,2,2,24,2880
854,2,30,3,40000,1,2,1,4,1,2,2,24,9600
1910,2,30,3,45000,1,2,1,6,1,2,1,9,4050
710,1,31,3,16000,1,2,1,1,1,2,1,18,2880
1295,2,31,3,20000,1,2,1,4,1,2,1,17,3400
184,1,31,3,24000,2,2,1,4,1,2,2,35,8400
1084,2,31,3,42000,1,1,1,5,1,2,2,37,15540
1478,2,32,3,10000,2,2,1,1,1,2,1,40,4000
133,2,33,3,14000,1,1,1,4,1,2,1,26,3640
268,1,33,3,36000,2,1,1,1,1,2,2,32,11520
764,2,33,3,48000,2,2,1,8,1,2,1,19,9120
1143,2,34,3,8000,1,1,2,4,1,2,1,5,400
819,2,35,3,6000,1,1,1,4,1,2,2,12,720
1224,2,36,3,12000,2,1,1,1,1,2,2,13,1560
939,1,36,3,40000,2,2,1,1,1,2,2,20,8000
872,2,37,3,5000,2,1,1,1,1,2,1,8,400
1471,1,37,3,10000,1,1,1,4,1,2,1,38,3800
371,1,37,3,14000,1,1,1,1,1,2,2,15,2100
1413,1,37,3,14400,1,2,1,1,1,2,1,25,3600
450,1,38,3,8000,1,2,1,6,1,2,1,20,1600
1,1,38,3,14000,1,1,2,4,1,2,2,14,1960
891,1,39,3,4800,1,1,2,1,1,2,1,34,1632
1425,2,39,3,8000,1,2,1,4,1,2,2,30,2400
985,1,39,3,10000,1,1,1,4,1,2,1,21,2100
1701,1,39,3,14000,1,2,1,5,1,2,2,8,1120
736,2,39,3,24000,2,2,1,4,1,2,1,13,3120
382,1,40,3,8000,2,2,1,2,1,2,1,31,2480
1086,2,40,3,15000,1,2,2,1,1,2,2,40,6000
381,1,41,3,4800,2,1,1,6,1,2,1,27,1296
1905,2,42,3,6000,1,1,2,1,1,2,1,9,540
762,1,42,3,8000,2,2,1,2,1,2,1,25,2000
1416,2,42,3,18400,1,2,1,2,1,2,2,5,920
886,2,42,3,20000,2,2,2,1,1,2,1,21,4200
1421,2,42,3,30000,2,2,1,2,1,2,2,21,6300
594,2,43,3,8000,2,1,1,4,1,2,1,36,2880
740,2,43,3,8840,1,2,1,1,1,2,2,27,2386
1271,1,43,3,15000,1,1,2,4,1,2,2,25,3750
1370,1,43,3,20000,1,1,1,1,1,2,1,34,6800
557,1,43,3,25600,2,1,1,6,1,2,1,40,10240
863,1,43,3,32000,1,2,1,4,1,2,2,24,7680
956,2,44,3,44000,1,2,1,1,1,2,1,40,17600
1539,2,45,3,5000,1,2,2,4,1,2,1,24,1200
195,2,45,3,7400,1,2,1,6,1,2,1,22,1628
352,1,47,3,12000,1,2,1,3,1,2,2,9,1080
607,2,47,3,13000,2,2,1,1,1,2,1,29,3770
1777,1,47,3,20000,1,2,1,3,1,2,1,15,3000
96,1,48,3,12800,1,2,1,6,1,2,2,38,4864
378,1,49,3,8000,2,2,2,1,1,2,1,27,2160
1336,2,49,3,13200,2,1,1,3,1,2,2,18,2376
2054,1,49,3,20000,1,2,1,1,1,2,2,36,7200
144,1,49,3,24000,1,2,2,2,1,2,1,14,3360
305,2,50,3,11200,1,1,1,4,1,2,2,17,1904
44,2,50,3,64000,1,2,1,4,1,2,1,35,22400
990,2,51,3,32000,1,2,1,6,1,2,1,12,3840
795,1,52,3,5600,1,1,1,2,1,2,1,8,448
1804,1,52,3,9600,2,1,2,4,1,2,2,27,2592
1670,1,52,3,12000,1,2,1,4,1,2,1,5,600
1799,1,52,3,14000,1,1,1,1,1,2,2,25,3500
1036,1,53,3,10000,1,2,2,1,1,2,1,8,800
2052,1,53,3,10000,1,2,1,5,1,2,2,11,1100
1396,1,54,3,8000,1,1,1,4,1,2,1,26,2080
1772,1,55,3,24000,1,2,1,4,1,2,1,14,3360
958,1,55,3,28000,2,1,1,4,1,2,1,27,7560
971,1,56,3,22800,1,2,1,2,1,2,1,31,7068
1464,1,56,3,40000,1,1,1,4,1,2,2,13,5200
554,1,58,3,6000,2,2,1,1,1,2,1,37,2220
1159,1,59,3,32000,1,2,1,2,1,2,2,39,12480
1892,1,60,3,8000,2,2,1,6,1,2,2,38,3040
1911,2,60,3,8800,1,2,1,1,1,2,2,37,3256
265,2,61,3,28000,1,2,2,4,1,2,1,16,4480
233,1,64,3,10000,1,1,1,1,1,2,2,11,1100
1820,1,69,3,8000,2,2,1,4,1,2,2,37,2960
1407,1,69,3,9600,1,1,1,8,1,2,2,33,3168
1302,1,70,3,6400,2,2,1,2,1,2,1,24,1536
1294,1,73,3,14000,1,2,1,1,1,2,1,38,5320
290,2,73,3,26000,1,1,2,1,1,2,2,25,6500
1594,1,75,3,5000,2,1,1,1,1,2,1,37,1850
558,1,83,3,4600,1,2,1,1,1,2,1,15,690
1949,1,31,4,24000,1,1,1,4,1,2,2,32,7680
902,1,34,4,8000,2,1,1,4,1,2,1,33,2640
1554,1,35,4,6000,2,1,1,1,1,2,2,39,2340
1372,1,36,4,40000,2,1,1,1,1,2,1,12,4800
1936,1,38,4,20000,1,2,2,8,1,2,2,33,6600
1537,2,44,4,16000,1,2,1,6,1,2,1,31,4960
1103,1,48,4,40000,1,2,1,1,1,2,1,20,8000
1013,1,49,4,6400,2,2,2,6,1,2,2,5,320
999,1,49,4,17000,1,2,1,3,1,2,1,27,4590
1426,2,54,4,16000,2,2,1,1,1,2,1,24,3840
1359,2,59,4,5300,1,1,1,8,1,2,2,39,2067
523,2,62,4,20000,1,1,1,1,1,2,1,19,3800
908,1,62,4,25000,2,1,2,4,1,2,2,24,6000
578,1,70,4,4800,2,2,1,4,1,2,2,20,960
351,1,38,2,12000,2,2,2,1,0,1,1,8,960
758,2,72,1,14000,2,1,1,4,3,1,1,21,2940
1682,1,26,2,32000,2,1,1,1,3,1,1,12,3840
1591,2,42,2,5000,1,1,1,4,3,1,2,35,1750
593,2,33,3,8000,2,2,1,6,3,1,2,32,2560
15,1,25,0,24000,1,2,1,6,2,1,2,17,4080
77,2,26,0,5000,2,2,2,1,2,1,1,34,1700
19,2,37,0,8000,2,1,1,1,2,1,2,12,960
103,1,44,0,32000,1,2,2,2,2,1,1,7,2240
1696,1,56,0,8000,1,1,1,4,2,1,1,38,3040
288,2,64,0,6000,2,1,1,6,2,1,1,27,1620
1012,2,66,0,12000,1,2,2,4,2,1,2,24,2880
986,2,70,0,7200,1,2,1,2,2,1,1,28,2016
1826,2,70,0,14000,1,2,1,5,2,1,2,9,1260
864,2,75,0,10000,2,2,1,8,2,1,2,34,3400
181,2,24,1,10000,2,2,2,4,2,1,1,8,800
1636,2,27,1,15000,1,2,2,1,2,1,2,23,3450
1816,2,28,1,5400,2,1,1,7,2,1,1,38,2052
1734,1,28,1,32000,1,1,2,4,2,1,2,7,2240
1236,1,33,1,6000,2,2,1,6,2,1,1,33,1980
1724,2,33,1,23200,1,2,1,1,2,1,2,5,1160
1033,2,35,1,48000,1,2,1,1,2,1,2,38,18240
457,1,36,1,24000,1,2,1,4,2,1,1,7,1680
1978,1,38,1,6800,1,2,2,2,2,1,2,37,2516
472,1,40,1,7200,1,2,1,4,2,1,2,16,1152
1181,2,40,1,36000,1,2,1,4,2,1,1,18,6480
448,1,40,1,48000,1,2,1,6,2,1,2,31,14880
1292,1,46,1,22400,2,2,1,6,2,1,1,32,7168
1917,1,50,1,14000,2,1,1,2,2,1,1,34,4760
189,1,50,1,20000,1,2,1,1,2,1,2,30,6000
1049,2,50,1,20000,2,2,1,3,2,1,2,29,5800
799,1,51,1,12000,1,1,2,4,2,1,1,29,3480
1395,1,52,1,6000,1,1,1,1,2,1,1,31,1860
1953,1,52,1,20000,2,2,1,1,2,1,1,28,5600
1329,2,52,1,32000,2,1,1,6,2,1,1,14,4480
1300,2,53,1,40000,1,2,1,1,2,1,1,22,8800
1960,2,54,1,18000,1,2,1,6,2,1,2,38,6840
1567,1,55,1,24000,2,2,1,6,2,1,2,29,6960
1553,1,56,1,10000,1,2,1,1,2,1,1,5,500
1045,2,59,1,40000,2,1,1,1,2,1,1,33,13200
1459,2,64,1,56000,1,2,2,3,2,1,1,12,6720
1652,2,65,1,11400,1,2,2,6,2,1,1,34,3876
193,1,66,1,4700,2,1,1,6,2,1,2,9,423
310,1,67,1,6400,1,2,1,4,2,1,2,19,1216
213,2,67,1,32000,1,2,2,4,2,1,1,7,2240
1187,1,69,1,36000,1,2,2,1,2,1,1,34,12240
1152,2,70,1,12000,2,1,2,6,2,1,2,23,2760
571,1,71,1,9600,1,2,2,8,2,1,1,17,1632
707,1,72,1,19800,1,1,1,8,2,1,2,35,6930
692,2,80,1,7200,1,2,2,7,2,1,1,37,2664
1456,2,81,1,5000,2,1,1,2,2,1,1,12,600
2063,1,26,2,12000,1,1,1,1,2,1,1,38,4560
842,1,29,2,48000,1,1,1,6,2,1,1,16,7680
1668,1,30,2,36000,2,1,1,1,2,1,2,31,11160
560,1,34,2,7000,1,2,1,6,2,1,1,17,1190
1069,2,35,2,13000,1,2,1,4,2,1,2,35,4550
1710,2,35,2,15000,2,1,1,1,2,1,2,6,900
590,2,36,2,48000,1,2,2,1,2,1,2,17,8160
967,2,37,2,10600,1,2,1,1,2,1,1,29,3074
1764,2,38,2,7000,2,1,1,2,2,1,2,21,1470
1020,2,40,2,8000,1,1,1,3,2,1,2,31,2480
622,1,42,2,8000,2,2,1,2,2,1,1,35,2800
1463,2,44,2,20000,1,1,1,6,2,1,2,18,3600
1944,1,45,2,6000,1,2,1,6,2,1,1,12,720
1105,1,45,2,10400,1,1,1,1,2,1,2,26,2704
1542,1,49,2,9600,1,1,2,1,2,1,2,40,3840
1016,1,49,2,50000,1,1,1,1,2,1,1,5,2500
1572,1,52,2,16000,1,1,2,1,2,1,1,12,1920
362,1,55,2,4800,2,2,2,1,2,1,1,22,1056
1620,1,55,2,8000,1,1,1,8,2,1,1,36,2880
709,2,70,2,6800,1,1,1,8,2,1,1,12,816
196,1,71,2,6800,1,1,1,4,2,1,1,36,2448
912,1,71,2,20000,1,2,1,4,2,1,1,27,5400
892,2,33,3,8000,2,1,2,1,2,1,1,35,2800
1044,1,35,3,6400,1,2,1,6,2,1,1,38,2432
1414,1,38,3,7200,1,1,1,1,2,1,2,21,1512
760,2,50,3,15200,1,1,1,1,2,1,2,16,2432
582,1,68,3,28000,1,2,1,4,2,1,1,24,6720
12,2,23,0,10400,2,2,1,7,1,1,2,27,2808
43,2,56,0,52000,1,2,1,3,1,1,1,12,6240
3,2,22,0,6000,1,1,1,1,1,1,2,21,1260
59,1,56,0,8000,2,2,1,2,1,1,2,17,1360
64,2,39,0,40000,1,2,1,1,1,1,2,13,5200
66,2,22,0,8000,2,1,1,6,1,1,1,22,1760
10,1,23,0,8000,2,2,1,8,1,1,1,15,1200
76,2,25,0,40000,1,1,1,4,1,1,2,21,8400
598,1,26,0,48000,1,2,1,6,1,1,2,24,11520
25,2,34,0,10000,1,2,1,4,1,1,1,35,3500
2,2,35,0,12000,1,2,1,4,1,1,1,15,1800
16,2,38,0,32000,1,2,1,1,1,1,2,32,10240
35,2,42,0,8000,2,2,2,1,1,1,1,8,640
54,2,42,0,11000,2,2,1,4,1,1,1,5,550
1690,1,45,0,6000,2,2,1,4,1,1,2,38,2280
255,1,46,0,48000,1,2,1,4,1,1,1,12,5760
126,2,49,0,30000,1,2,1,1,1,1,1,33,9900
81,2,49,0,32000,1,2,1,2,1,1,2,6,1920
62,2,50,0,25000,2,1,1,6,1,1,1,13,3250
95,2,56,0,9600,1,2,1,4,1,1,2,12,1152
727,2,57,0,7200,1,2,1,1,1,1,2,32,2304
818,2,58,0,60000,2,2,2,1,1,1,1,13,7800
79,2,63,0,5000,1,2,2,4,1,1,2,9,450
1941,1,64,0,7000,1,1,1,6,1,1,2,17,1190
1299,1,65,0,26000,1,1,1,1,1,1,1,40,10400
57,2,67,0,27000,1,1,2,8,1,1,2,12,3240
1621,2,69,0,12000,2,2,1,1,1,1,2,37,4440
1821,1,71,0,10000,1,1,1,4,1,1,2,19,1900
116,2,71,0,24000,2,1,1,2,1,1,1,32,7680
984,2,78,0,24000,1,1,1,8,1,1,1,30,7200
705,1,80,0,40000,2,2,2,1,1,1,1,20,8000
1277,2,83,0,5500,1,2,2,4,1,1,2,30,1650
1934,2,87,0,20000,2,1,1,8,1,1,2,40,8000
376,2,88,0,22400,1,1,1,8,1,1,2,6,1344
1444,1,23,1,8000,1,2,1,6,1,1,1,35,2800
1800,1,17,1,4600,2,1,1,6,1,1,1,13,598
780,1,21,1,8000,2,2,1,4,1,1,1,24,1920
935,1,21,1,9000,1,2,1,6,1,1,2,26,2340
804,2,23,1,17200,2,1,1,4,1,1,2,10,1720
1927,1,24,1,6000,2,2,1,4,1,1,1,37,2220
1369,1,24,1,8000,2,2,1,1,1,1,1,37,2960
1667,2,24,1,10000,2,1,1,1,1,1,1,34,3400
1907,1,24,1,60000,1,2,1,1,1,1,1,26,15600
827,2,25,1,9000,1,1,1,3,1,1,1,30,2700
364,2,25,1,48000,1,2,2,1,1,1,1,17,8160
1363,2,27,1,8000,2,2,1,6,1,1,1,34,2720
1859,2,27,1,34000,1,1,1,4,1,1,1,30,10200
1964,2,27,1,48000,2,1,1,1,1,1,2,13,6240
1091,1,27,1,52000,1,2,1,4,1,1,1,18,9360
1362,1,28,1,32000,1,2,1,4,1,1,2,11,3520
332,1,30,1,6800,1,2,1,1,1,1,2,22,1496
2033,1,30,1,16000,1,2,1,6,1,1,2,33,5280
1657,1,30,1,24000,2,1,1,4,1,1,1,39,9360
1526,1,31,1,8000,2,2,1,1,1,1,2,25,2000
1867,1,32,1,8000,2,1,1,4,1,1,1,31,2480
2024,1,32,1,8000,1,1,1,8,1,1,1,23,1840
563,2,32,1,20000,2,2,1,4,1,1,1,35,7000
509,1,33,1,12000,1,1,1,6,1,1,1,26,3120
945,1,33,1,60000,2,2,1,6,1,1,2,25,15000
1733,1,34,1,12000,1,2,1,1,1,1,1,33,3960
2011,1,35,1,20000,1,2,1,1,1,1,1,34,6800
845,1,35,1,30000,1,1,2,4,1,1,2,10,3000
1803,2,35,1,48000,1,1,1,4,1,1,2,25,12000
270,1,36,1,4800,1,1,1,1,1,1,2,27,1296
67,1,36,1,7200,2,2,1,1,1,1,2,39,2808
556,1,36,1,7500,2,2,1,4,1,1,1,22,1650
512,1,37,1,10000,1,2,1,1,1,1,2,31,3100
163,1,38,1,15200,1,1,1,1,1,1,2,25,3800
1817,1,38,1,16000,1,1,1,8,1,1,1,38,6080
1389,1,39,1,5600,1,1,1,1,1,1,1,33,1848
811,2,39,1,16000,1,1,1,4,1,1,2,32,5120
992,1,39,1,26800,1,2,1,4,1,1,2,25,6700
1092,2,40,1,8000,2,2,2,8,1,1,1,39,3120
1863,1,40,1,9000,1,2,2,3,1,1,1,9,810
391,2,41,1,6800,1,2,1,8,1,1,1,12,816
581,1,41,1,10400,1,1,1,4,1,1,1,14,1456
1057,2,41,1,10800,1,2,1,1,1,1,1,27,2916
1422,2,42,1,36000,1,1,2,1,1,1,1,25,9000
1793,1,43,1,7200,1,2,1,4,1,1,1,15,1080
654,1,43,1,8000,2,2,2,3,1,1,2,12,960
638,1,43,1,22696,1,2,2,6,1,1,1,23,5220
287,1,44,1,6400,1,2,1,1,1,1,1,16,1024
1244,2,44,1,20000,1,1,1,1,1,1,2,22,4400
411,2,45,1,8400,1,1,1,4,1,1,2,21,1764
1357,1,45,1,15200,1,2,1,2,1,1,1,27,4104
974,1,45,1,24000,1,1,2,4,1,1,2,11,2640
304,1,46,1,10800,1,2,1,6,1,1,2,23,2484
1314,2,46,1,12000,2,2,2,6,1,1,2,33,3960
1774,2,46,1,60000,2,1,1,4,1,1,1,37,22200
2053,2,47,1,8000,2,1,1,8,1,1,2,19,1520
1512,1,47,1,60000,1,2,1,8,1,1,2,37,22200
1876,1,48,1,7200,1,2,1,4,1,1,2,16,1152
1931,1,48,1,8000,1,1,1,6,1,1,1,34,2720
826,2,48,1,12800,1,2,1,1,1,1,1,24,3072
297,1,49,1,7200,1,2,1,5,1,1,1,32,2304
517,2,49,1,8000,2,2,1,8,1,1,2,29,2320
988,1,49,1,12000,2,2,1,6,1,1,2,37,4440
900,2,49,1,48000,1,2,1,4,1,1,2,36,17280
1217,2,50,1,4800,2,2,1,6,1,1,1,36,1728
609,1,50,1,20000,1,2,1,1,1,1,2,18,3600
1677,1,50,1,26000,2,1,1,6,1,1,1,26,6760
635,2,50,1,32000,1,2,1,2,1,1,1,6,1920
1731,1,50,1,55000,1,2,1,4,1,1,2,36,19800
500,1,51,1,12000,2,2,1,2,1,1,2,38,4560
625,1,51,1,12000,1,1,1,1,1,1,2,6,720
743,2,51,1,12000,2,1,1,6,1,1,2,26,3120
329,1,52,1,5000,2,1,1,4,1,1,1,27,1350
1455,1,52,1,6000,1,2,1,6,1,1,2,40,2400
314,2,52,1,9200,2,1,1,3,1,1,1,15,1380
706,2,52,1,10000,1,1,1,4,1,1,1,8,800
1411,1,52,1,10000,1,2,1,4,1,1,2,24,2400
161,1,52,1,14000,1,1,2,1,1,1,2,21,2940
689,1,52,1,18000,1,2,2,1,1,1,1,29,5220
857,2,52,1,34000,2,1,1,4,1,1,1,17,5780
1053,1,52,1,48000,1,2,1,6,1,1,1,22,10560
528,2,52,1,60000,1,2,1,1,1,1,1,10,6000
1873,1,53,1,6000,2,2,1,1,1,1,1,32,1920
1219,1,53,1,14800,1,2,1,1,1,1,1,6,888
110,1,53,1,32000,1,1,1,2,1,1,1,17,5440
257,2,53,1,48000,1,2,1,1,1,1,2,16,7680
832,2,54,1,10400,1,2,1,4,1,1,2,11,1144
570,2,54,1,13600,1,1,1,4,1,1,1,38,5168
1697,1,54,1,32000,1,1,1,4,1,1,2,27,8640
1310,1,55,1,8000,1,1,1,1,1,1,1,7,560
747,1,55,1,8800,1,1,2,2,1,1,1,7,616
1566,1,55,1,12000,1,2,1,1,1,1,2,10,1200
993,1,55,1,20000,1,2,2,6,1,1,1,11,2200
1997,2,55,1,56000,1,1,1,1,1,1,1,9,5040
1685,2,56,1,6000,1,1,1,4,1,1,1,6,360
532,1,56,1,7000,1,2,1,6,1,1,1,35,2450
207,1,56,1,8000,1,2,1,6,1,1,1,33,2640
657,2,56,1,8000,1,1,1,4,1,1,2,24,1920
1073,2,56,1,8000,2,1,1,4,1,1,2,36,2880
2078,1,56,1,8000,1,2,1,8,1,1,2,37,2960
1920,2,56,1,12000,1,1,1,4,1,1,2,26,3120
2017,1,56,1,16000,1,2,1,4,1,1,1,20,3200
2021,1,56,1,24000,1,1,1,8,1,1,1,35,8400
634,2,56,1,60000,1,2,1,1,1,1,1,10,6000
1101,2,57,1,5600,1,1,2,1,1,1,2,22,1232
470,1,57,1,6000,1,2,1,1,1,1,2,29,1740
814,2,57,1,9600,1,1,1,1,1,1,1,20,1920
733,1,57,1,12000,1,2,1,3,1,1,2,15,1800
1835,1,57,1,28000,1,2,1,4,1,1,1,25,7000
1538,1,57,1,32000,2,1,1,1,1,1,2,39,12480
659,1,58,1,6000,1,2,1,4,1,1,2,16,960
801,1,58,1,10000,2,1,2,8,1,1,1,23,2300
175,1,58,1,12000,2,1,1,6,1,1,1,35,4200
841,1,59,1,6000,2,1,1,4,1,1,1,10,600
1111,1,59,1,20000,2,2,2,1,1,1,1,22,4400
511,1,60,1,4800,1,1,2,6,1,1,2,5,240
1237,1,60,1,7000,1,1,2,4,1,1,2,12,840
1730,1,60,1,7200,1,2,1,4,1,1,2,18,1296
536,1,60,1,8000,2,2,1,4,1,1,2,36,2880
1676,1,60,1,12000,1,2,1,1,1,1,2,27,3240
944,1,60,1,20000,1,1,1,2,1,1,2,32,6400
1659,2,61,1,9000,1,2,2,4,1,1,1,33,2970
1850,1,62,1,6000,1,1,1,1,1,1,1,37,2220
433,2,62,1,9600,1,1,1,4,1,1,1,32,3072
951,1,62,1,12000,1,1,1,4,1,1,2,29,3480
579,1,62,1,22000,1,1,1,4,1,1,2,12,2640
1661,2,62,1,32000,1,2,1,1,1,1,1,32,10240
2022,2,63,1,15100,1,1,1,6,1,1,1,38,5738
1521,2,63,1,20000,2,1,1,8,1,1,1,8,1600
1180,1,64,1,15200,1,1,2,2,1,1,1,28,4256
1332,1,64,1,24000,1,2,2,4,1,1,2,7,1680
1596,1,65,1,13000,1,1,1,1,1,1,1,5,650
2048,1,65,1,20000,1,1,1,6,1,1,1,22,4400
307,1,66,1,9600,1,2,1,1,1,1,2,37,3552
2036,1,66,1,48000,1,1,1,6,1,1,2,36,17280
680,2,67,1,7000,1,2,1,7,1,1,2,11,770
714,1,67,1,8000,1,2,1,4,1,1,2,10,800
221,1,67,1,28000,2,1,2,1,1,1,1,17,4760
901,1,68,1,7200,2,1,1,1,1,1,1,32,2304
112,1,68,1,10800,1,2,2,1,1,1,2,18,1944
1531,1,68,1,24000,1,1,1,1,1,1,2,22,5280
2039,1,68,1,40000,1,2,1,4,1,1,1,16,6400
1649,2,69,1,8000,2,1,1,3,1,1,2,5,400
642,1,69,1,14000,1,2,1,3,1,1,2,33,4620
1723,2,69,1,30000,1,1,1,4,1,1,1,17,5100
817,2,70,1,30000,1,1,2,1,1,1,2,6,1800
952,2,71,1,6000,2,1,1,1,1,1,2,5,300
1629,2,71,1,60000,1,2,1,8,1,1,2,26,15600
235,2,72,1,6000,2,1,2,2,1,1,2,12,720
576,1,72,1,6000,2,2,1,1,1,1,1,39,2340
937,2,72,1,14000,1,2,1,4,1,1,1,23,3220
115,1,72,1,16000,2,2,1,6,1,1,2,30,4800
1177,1,72,1,16000,1,2,1,1,1,1,1,8,1280
1000,2,72,1,18000,1,2,1,6,1,1,1,17,3060
1845,2,72,1,43200,1,2,2,4,1,1,2,23,9936
380,1,73,1,36000,2,2,1,6,1,1,1,24,8640
977,1,75,1,12000,1,1,1,2,1,1,1,10,1200
335,2,76,1,10000,1,2,1,6,1,1,2,17,1700
285,2,76,1,12000,2,2,1,4,1,1,1,11,1320
1003,2,77,1,20000,2,1,1,1,1,1,1,17,3400
1969,2,78,1,7000,2,1,1,2,1,1,2,6,420
461,1,78,1,8000,1,2,1,8,1,1,1,34,2720
1287,2,78,1,10000,1,2,1,6,1,1,2,15,1500
139,1,78,1,20000,2,2,1,6,1,1,2,24,4800
336,2,79,1,6000,1,2,1,3,1,1,1,38,2280
1767,2,79,1,36000,1,2,2,1,1,1,1,23,8280
130,2,80,1,6000,2,1,1,4,1,1,1,8,480
224,2,82,1,4600,1,1,1,1,1,1,2,7,322
1600,1,84,1,6800,1,1,1,4,1,1,2,27,1836
1241,2,96,1,24400,1,2,1,4,1,1,2,36,8784
1216,1,31,2,8000,1,2,1,1,1,1,2,14,1120
1841,2,23,2,5000,1,1,1,8,1,1,1,16,800
574,1,23,2,8000,1,1,2,1,1,1,2,7,560
2080,1,24,2,12000,1,2,1,6,1,1,1,27,3240
1991,1,24,2,12800,1,2,2,1,1,1,2,20,2560
1514,1,27,2,8000,2,2,1,4,1,1,2,16,1280
1166,1,29,2,24000,1,2,1,2,1,1,2,27,6480
1798,1,30,2,46800,1,2,1,1,1,1,1,36,16848
1401,1,31,2,5000,1,1,1,1,1,1,1,7,350
868,1,31,2,48000,1,1,1,4,1,1,2,9,4320
1768,1,32,2,7000,1,2,1,1,1,1,2,34,2380
1916,2,32,2,12000,2,2,1,6,1,1,2,40,4800
966,1,32,2,32000,2,2,1,4,1,1,1,11,3520
1687,1,32,2,32000,2,1,1,4,1,1,2,25,8000
1928,2,33,2,12000,1,2,1,6,1,1,1,36,4320
1587,1,34,2,12000,1,2,1,1,1,1,1,32,3840
1381,1,34,2,18000,1,2,1,4,1,1,2,40,7200
2034,1,34,2,24000,1,1,1,8,1,1,1,9,2160
1345,2,35,2,40000,1,2,2,1,1,1,2,36,14400
1973,1,36,2,7200,2,1,1,5,1,1,1,11,792
1402,2,37,2,14000,1,1,2,1,1,1,2,18,2520
809,1,38,2,20000,2,1,2,4,1,1,1,23,4600
920,1,38,2,38000,1,1,1,4,1,1,1,33,12540
410,1,39,2,8000,1,2,2,7,1,1,2,33,2640
1830,1,39,2,9000,1,1,1,4,1,1,1,27,2430
451,2,39,2,24000,1,1,1,1,1,1,1,24,5760
1412,2,40,2,8000,1,1,1,6,1,1,1,23,1840
303,1,40,2,40000,1,1,1,6,1,1,1,13,5200
587,2,40,2,40000,1,2,1,6,1,1,2,29,11600
880,1,42,2,28000,1,2,1,1,1,1,1,29,8120
1643,1,43,2,5000,1,1,2,1,1,1,1,22,1100
2005,1,44,2,60000,1,2,1,6,1,1,1,14,8400
1586,1,45,2,32000,1,1,1,8,1,1,1,40,12800
232,1,47,2,6000,2,2,2,4,1,1,2,29,1740
1597,2,47,2,9800,1,2,2,4,1,1,1,12,1176
2029,1,47,2,15000,1,2,1,4,1,1,1,11,1650
1638,1,49,2,8000,1,1,1,4,1,1,1,37,2960
925,2,49,2,20000,1,2,1,1,1,1,2,22,4400
397,2,50,2,12000,1,2,1,6,1,1,2,20,2400
1915,2,50,2,32000,1,1,1,4,1,1,1,37,11840
1393,1,51,2,7600,1,1,1,4,1,1,2,28,2128
1406,1,54,2,7000,1,1,1,6,1,1,1,7,490
375,1,54,2,12000,1,2,1,1,1,1,1,9,1080
1923,2,54,2,28000,1,1,2,6,1,1,1,18,5040
1562,1,54,2,30000,1,1,1,2,1,1,1,38,11400
1391,2,54,2,32000,2,1,1,1,1,1,2,28,8960
75,2,55,2,9200,1,2,1,1,1,1,2,27,2484
1343,1,55,2,9600,1,1,1,4,1,1,2,16,1536
1480,1,55,2,12000,2,2,1,4,1,1,1,11,1320
796,2,56,2,32000,1,2,2,4,1,1,2,24,7680
731,1,57,2,68000,1,1,1,1,1,1,2,27,18360
99,1,62,2,5000,2,1,2,4,1,1,1,36,1800
518,2,63,2,20000,1,2,1,1,1,1,1,10,2000
1864,2,63,2,28000,1,1,2,1,1,1,1,24,6720
256,1,64,2,10400,1,2,1,4,1,1,1,29,3016
334,1,65,2,11200,1,2,1,1,1,1,1,24,2688
737,1,67,2,8000,1,1,1,4,1,1,1,23,1840
389,1,73,2,4800,2,2,1,1,1,1,1,18,864
424,1,75,2,56000,1,1,1,4,1,1,1,34,19040
51,2,76,2,16000,1,2,1,1,1,1,2,13,2080
1194,2,77,2,7600,1,1,1,4,1,1,1,37,2812
1898,1,24,3,10000,1,2,1,4,1,1,1,10,1000
42,2,26,3,9600,1,2,2,4,1,1,1,7,672
467,1,26,3,32000,1,2,1,4,1,1,2,9,2880
1487,1,27,3,4800,2,2,2,2,1,1,2,27,1296
815,2,27,3,10000,1,1,2,6,1,1,1,12,1200
572,1,28,3,38000,1,2,1,1,1,1,1,16,6080
445,1,30,3,7200,2,2,1,1,1,1,2,33,2376
639,2,30,3,24800,2,1,1,4,1,1,1,5,1240
1853,1,31,3,12000,2,1,1,2,1,1,1,26,3120
812,1,32,3,5000,2,1,1,6,1,1,1,28,1400
1541,1,32,3,24000,1,1,1,6,1,1,1,13,3120
535,1,33,3,16000,1,1,1,1,1,1,2,23,3680
1318,1,34,3,20000,1,2,1,4,1,1,1,24,4800
1504,1,35,3,14000,1,1,2,8,1,1,1,15,2100
1280,1,35,3,16000,2,2,1,1,1,1,1,26,4160
508,1,35,3,60000,1,2,1,4,1,1,2,33,19800
1522,1,36,3,5200,1,1,1,2,1,1,2,12,624
372,2,36,3,7200,1,1,2,4,1,1,2,17,1224
1385,2,36,3,12000,1,1,1,4,1,1,1,6,720
4,1,36,3,14000,1,1,2,6,1,1,2,37,5180
1755,1,36,3,24000,1,1,1,1,1,1,1,21,5040
1703,1,37,3,16000,1,1,1,5,1,1,2,30,4800
546,1,37,3,24000,2,1,1,6,1,1,2,10,2400
929,1,38,3,28000,2,1,1,4,1,1,2,24,6720
1987,2,39,3,15000,1,2,2,2,1,1,1,28,4200
1933,1,40,3,6000,1,1,2,4,1,1,2,20,1200
1617,1,40,3,16000,1,1,1,1,1,1,1,16,2560
1698,1,40,3,28000,1,2,1,2,1,1,1,29,8120
525,2,40,3,40000,1,1,2,1,1,1,1,6,2400
492,1,41,3,9600,1,2,1,2,1,1,1,31,2976
2008,2,42,3,6750,1,1,1,1,1,1,1,27,1822
723,2,42,3,8000,1,2,1,3,1,1,2,28,2240
1902,1,43,3,4600,1,2,1,4,1,1,2,28,1288
1136,1,43,3,60000,2,2,1,6,1,1,2,15,9000
869,1,44,3,40000,2,1,1,6,1,1,1,26,10400
987,1,44,3,40000,2,2,1,4,1,1,1,32,12800
489,2,45,3,40000,1,2,1,4,1,1,1,40,16000
1494,1,46,3,4800,2,2,2,4,1,1,2,28,1344
1211,1,47,3,40000,1,1,1,4,1,1,2,20,8000
1472,2,50,3,32000,1,2,1,1,1,1,2,40,12800
295,1,51,3,9000,1,1,1,1,1,1,1,25,2250
1275,2,51,3,56000,1,2,2,2,1,1,2,31,17360
400,1,51,3,60800,1,1,1,1,1,1,2,8,4864
247,1,52,3,4500,2,1,1,1,1,1,2,38,1710
1675,1,52,3,48000,1,2,2,2,1,1,1,7,3360
1747,1,55,3,23000,1,1,1,6,1,1,1,22,5060
2006,1,57,3,10000,1,1,1,4,1,1,2,28,2800
1719,1,58,3,14000,2,2,1,4,1,1,2,23,3220
490,1,60,3,15000,1,1,1,1,1,1,2,15,2250
681,1,63,3,6000,2,2,1,6,1,1,2,35,2100
253,1,63,3,14800,1,1,1,1,1,1,2,8,1184
1975,2,64,3,8000,2,2,2,1,1,1,1,29,2320
219,1,64,3,40000,1,2,1,1,1,1,1,18,7200
1273,1,66,3,44000,1,1,1,6,1,1,2,32,14080
720,1,67,3,20800,1,2,2,4,1,1,1,24,4992
1842,2,72,3,4800,1,1,1,1,1,1,1,35,1680
602,1,75,3,16000,1,2,1,1,1,1,1,27,4320
2041,2,38,4,6400,2,2,1,3,1,1,1,27,1728
1640,1,39,4,10000,2,1,1,4,1,1,1,23,2300
1431,1,42,4,10000,2,2,1,8,1,1,1,31,3100
1525,2,54,4,15000,2,2,2,4,1,1,2,18,2700
2020,1,54,4,48000,1,2,2,6,1,1,2,22,10560
1878,1,56,4,32000,1,1,1,4,1,1,1,13,4160
1702,1,57,4,12000,1,2,1,1,1,1,1,20,2400
206,2,66,4,40000,1,2,1,2,1,1,2,6,2400
2016,1,67,4,4800,1,2,1,1,1,1,1,37,1776
1811,1,85,4,30000,1,1,1,6,1,1,1,36,10800
